DNI,nom,cognom_1,cognom_2,correu_electrònic,telèfon,adreça
,Isadora,Banks,Woods,banksisadora1190@gmail.com,695587225,"P.O. Box 851, 176 Non Rd."
,Cally,Hull,Buckley,callyhull@gmail.com,631318731,8181 Sagittis Street
,Macy,Navarro,Haley,m.navarro@gmail.com,683166588,"P.O. Box 529, 437 Cursus Road"
,Lunea,Sears,Sanchez,sears.lunea2839@gmail.com,653298464,Ap #486-1315 Ante Avenue
,Jamalia,Stone,Ramos,jamaliastone@gmail.com,684266734,Ap #435-9664 Vestibulum St.
,Elton,Whitney,Avery,e-whitney@gmail.com,641935757,961-2737 Eget Avenue
,Melodie,Morrison,Mcmahon,melodie_morrison8665@gmail.com,647276512,697-4691 Ut Ave
,Barclay,Wooten,Huffman,wooten-barclay2870@gmail.com,636648231,2493 Proin St.
,Nathan,Lara,Blackwell,nathan.lara4119@gmail.com,616224030,896-4869 A St.
,Molly,Nicholson,Trujillo,nicholsonmolly2360@gmail.com,626563556,"P.O. Box 165, 988 Hendrerit Road"
,Joelle,Kirk,Wall,joelle-kirk@gmail.com,649942706,"P.O. Box 837, 3181 Interdum Av."
,Zia,Mccoy,Ball,zia-mccoy6721@gmail.com,664584519,253-5278 Donec Av.
,Amos,Sims,Bowen,sims.amos1731@gmail.com,616245533,Ap #962-1341 Odio St.
,Merrill,Lopez,Burch,m-lopez8754@gmail.com,612355732,289 Ultrices Av.
,Karen,Mcneil,Haney,mcneil.karen@gmail.com,637078176,Ap #826-3433 Integer Rd.
,Elaine,Walsh,Middleton,e-walsh6431@gmail.com,613673156,893-3380 Mollis. Avenue
,Sylvester,Torres,Velez,torres.sylvester1583@gmail.com,624877721,344-9126 Tortor St.
,Simon,Dotson,Silva,s_dotson@gmail.com,639175267,"4747 A, St."
,Nelle,Fox,Howe,nfox9483@gmail.com,672768792,Ap #862-1868 Orci. Road
,Reese,Stein,Frye,r.stein9854@gmail.com,652616141,Ap #392-4999 Commodo St.
,Sharon,Saunders,Noel,sharon-saunders@gmail.com,668896658,Ap #793-2325 Lorem Road
,Alec,Bass,Swanson,alecbass7917@gmail.com,694632589,946-4188 Nunc Avenue
,Adrienne,Robertson,Wilson,a-robertson@gmail.com,665119804,Ap #618-8794 Nulla Av.
,Robin,Livingston,O'donnell,livingston.robin7492@gmail.com,681075365,675-9235 Lobortis Avenue
,Olivia,Curry,York,curryolivia1974@gmail.com,613536060,Ap #495-4999 In Road
,Donovan,Nash,Navarro,nash-donovan@gmail.com,690389726,Ap #607-9454 Hendrerit Av.
,Moses,Curtis,Glass,curtismoses@gmail.com,617166565,"P.O. Box 723, 7601 Phasellus Road"
,Aretha,Ellis,Jackson,ellis_aretha@gmail.com,668598482,5190 Eget Street
,Bert,Moody,Shannon,b.moody@gmail.com,671880308,5282 Odio Avenue
,Brenna,Daugherty,Martinez,d.brenna5848@gmail.com,606791032,5571 Sit St.
,Tara,Schultz,Dillard,t-schultz9128@gmail.com,618192538,1212 Orci St.
,Gail,Bradshaw,Nielsen,bradshaw-gail@gmail.com,686385166,Ap #563-6329 Ipsum Ave
,Alden,Noble,Crane,noble.alden2703@gmail.com,643376108,"P.O. Box 897, 9203 Enim Rd."
,Amaya,Fry,Mcclure,a_fry@gmail.com,688284972,Ap #951-6368 Ac Ave
,Erasmus,Clay,Fitzpatrick,erasmus.clay7834@gmail.com,620369481,3420 Nunc St.
,Regan,Frost,Berry,f_regan3281@gmail.com,664419661,Ap #574-6453 Amet Rd.
,Zia,Ortiz,Merritt,o-zia5363@gmail.com,688523704,274-5938 At Avenue
,Kim,Mosley,Saunders,kim-mosley@gmail.com,677368346,430-7012 Sit Street
,Hayley,Rollins,Green,h.rollins@gmail.com,635851388,6790 Fermentum St.
,Harper,Solis,Woods,hsolis3006@gmail.com,611769131,9568 Et St.
,Erica,Hayden,Hunt,e-hayden@gmail.com,629829378,"P.O. Box 149, 6543 Nullam St."
,Darrel,Shepard,Greer,sdarrel@gmail.com,621325946,"P.O. Box 503, 3167 Tincidunt Av."
,Denton,Rios,Rodriguez,r_denton9523@gmail.com,622315058,Ap #822-1348 Enim. Street
,Timothy,Stewart,Garrett,t-stewart9920@gmail.com,662202680,7089 Nibh. Rd.
,Melinda,Gibbs,Bray,gmelinda640@gmail.com,621610552,Ap #579-8730 Cursus Av.
,Erin,Griffin,Duke,griffin-erin@gmail.com,632416267,799-1333 Mattis St.
,Alana,Pennington,Fox,apennington@gmail.com,684568286,"115-7092 Id, Rd."
,Paula,Kirby,Miles,kirby_paula@gmail.com,620547773,413-3021 Quis St.
,Theodore,Keller,Kirby,keller.theodore@gmail.com,676300276,"770-4044 Urna, Rd."
,Uma,Harmon,Frank,uma-harmon2705@gmail.com,615187724,4500 Tempus Road
,Avye,Spears,Hendricks,a.spears@gmail.com,624602404,"P.O. Box 112, 5089 Eget Rd."
,Hyatt,Roth,Mueller,hroth@gmail.com,628020816,888-3824 Ac Rd.
,Sacha,Barry,Mcdowell,sbarry@gmail.com,622651766,"P.O. Box 144, 4354 Rutrum Road"
,Charde,Bernard,Diaz,c-bernard593@gmail.com,651421080,"P.O. Box 675, 4268 Auctor St."
,Myra,Phelps,Faulkner,myra-phelps9122@gmail.com,651482878,Ap #946-2511 Ridiculus Rd.
,Axel,Wooten,Melton,a_wooten9505@gmail.com,665411603,Ap #642-5890 Ultricies Ave
,Susan,Curry,Miranda,currysusan866@gmail.com,665060276,"P.O. Box 558, 2101 Lectus St."
,Kessie,Santos,Meyer,s-kessie@gmail.com,611773855,961-3372 Nunc Rd.
,Julian,Wilkerson,Glenn,jwilkerson5138@gmail.com,609091284,"976-3846 Eu, St."
,Rhona,Cherry,Good,rhona_cherry1490@gmail.com,632762933,"P.O. Box 658, 9426 Ut Road"
,Michael,Pace,Wallace,pace-michael9164@gmail.com,621167615,Ap #521-2491 Netus Ave
,Heidi,Dale,House,heididale4547@gmail.com,632186638,Ap #927-9673 Lectus. Street
,Riley,Robles,Hansen,robles-riley2756@gmail.com,668237464,239-5499 Dictum Av.
,Brooke,Cortez,Harmon,b.cortez@gmail.com,616167858,"148-7341 Nec, Avenue"
,Brittany,Snider,Patel,snider_brittany@gmail.com,663884367,"759-8221 Elit, Road"
,Rebecca,Head,Cote,rhead@gmail.com,688064728,"P.O. Box 504, 6646 Etiam St."
,Brooke,Kerr,Snow,k.brooke5482@gmail.com,695626615,109-9544 Consectetuer Avenue
,Edan,Merrill,O'brien,merrill_edan@gmail.com,679511948,645-4718 Nulla Rd.
,Odessa,Sherman,Holt,sherman.odessa5777@gmail.com,647147057,941-386 Consequat Rd.
,Wynter,Roth,Merritt,wynter_roth@gmail.com,682084878,"670-634 Adipiscing, Av."
,Iris,Murphy,Farmer,m_iris547@gmail.com,693332005,Ap #902-7101 Diam Road
,Christen,Greene,Martinez,c.greene@gmail.com,641174668,286-2373 Sed St.
,Venus,Hutchinson,Smith,venus-hutchinson1903@gmail.com,632731705,958-8321 Pharetra. Av.
,Nevada,Garrison,Clarke,gnevada3463@gmail.com,671748351,Ap #687-7997 Nunc Av.
,Steven,Herring,Santiago,herring_steven@gmail.com,685141265,6409 Sed Street
,Ariana,Olsen,Moses,o-ariana1451@gmail.com,620132625,Ap #650-227 Morbi Avenue
,Hakeem,Jacobs,Fulton,jacobs.hakeem1814@gmail.com,637479205,"P.O. Box 114, 5846 Dolor Street"
,Frances,Sherman,Aguilar,sherman.frances@gmail.com,631729618,"105-3719 Nec, Road"
,Lillith,Moses,Mccarthy,m-lillith@gmail.com,623844863,9360 Eu St.
,Iola,Adams,Hutchinson,adams_iola@gmail.com,668241252,"P.O. Box 592, 5578 Mauris. Street"
,Piper,Harrison,Henderson,pharrison2499@gmail.com,688838816,"P.O. Box 984, 2620 Ut Rd."
,Quinn,Ratliff,Velasquez,rquinn@gmail.com,683313019,"P.O. Box 958, 6820 At, Ave"
,Leigh,Potts,Griffin,potts.leigh@gmail.com,674539447,6183 Nam Street
,Rhiannon,Mitchell,Acevedo,m_rhiannon3341@gmail.com,612908691,"P.O. Box 346, 8665 Malesuada Rd."
,Maile,Moss,Mcknight,mossmaile3917@gmail.com,656274841,"3198 Et, Av."
,Helen,Phillips,Estes,phillipshelen4489@gmail.com,603882648,Ap #457-7019 Elementum Ave
,Rajah,Burke,Carney,burkerajah@gmail.com,622318408,755-4000 Lorem Avenue
,Gwendolyn,Henderson,George,gwendolynhenderson@gmail.com,634458559,"P.O. Box 892, 4984 Vel St."
,Tamekah,Simmons,Atkins,simmonstamekah3363@gmail.com,678746958,Ap #646-8990 Rutrum St.
,Judith,Washington,Hutchinson,j-washington6970@gmail.com,616728347,"Ap #754-5521 Id, Rd."
,Meghan,Stafford,Dickerson,mstafford@gmail.com,645637384,"P.O. Box 243, 9158 Luctus Street"
,Ayanna,Savage,Spence,a-savage@gmail.com,636674246,450-5763 Sed Av.
,Vielka,Evans,Scott,evans_vielka8512@gmail.com,688896550,"P.O. Box 958, 5130 Libero. Rd."
,Dylan,Hanson,Miller,d-hanson@gmail.com,651555864,"Ap #586-9490 Ut, Avenue"
,Bo,Macias,Nash,bo.macias5445@gmail.com,613233187,"P.O. Box 307, 1927 Iaculis St."
,Sybil,Randolph,Simon,randolph_sybil@gmail.com,656218650,170-3468 Habitant Street
,Libby,Middleton,Fowler,l_middleton179@gmail.com,684390189,Ap #251-2579 Vel Av.
,Cullen,Huffman,Bonner,c.huffman@gmail.com,664617117,497-8546 Arcu St.
,Joelle,Burnett,Garza,jburnett2784@gmail.com,673669311,927-5174 Semper Avenue
,Rosalyn,Richardson,Davis,rosalyn.richardson@gmail.com,681414515,"P.O. Box 534, 6110 Vel, Ave"
