nom,cognom_1,cognom_2,correu_electrònic,telèfon,adreça
Heather,Carr,Weber,carr.heather63@gmail.com,611754875,Ap #857-1926 Libero Rd.
Ulric,Henry,Suarez,henry.ulric@gmail.com,684318945,"4418 Et, Av."
Carla,Alston,Hendrix,calston@gmail.com,690666416,Ap #364-2886 At Avenue
Whoopi,Coleman,Green,coleman-whoopi9946@gmail.com,635868743,"615-3723 Non, St."
Ori,Kinney,Valentine,kinney_ori@gmail.com,656054983,"P.O. Box 564, 8372 Amet Road"
Bruno,Byers,Cunningham,b_byers9663@gmail.com,684012167,"P.O. Box 451, 1320 Massa Ave"
Dora,Guy,Sexton,guy-dora@gmail.com,654683696,"780-5741 Adipiscing, Rd."
Jillian,Shannon,Cardenas,jillian-shannon8417@gmail.com,658513425,Ap #716-3473 Ligula Avenue
Sydney,Dodson,Mason,dsydney@gmail.com,642391322,Ap #944-5439 Lacus St.
Omar,Baker,Jackson,omarbaker3017@gmail.com,631605731,Ap #173-3392 Iaculis Av.
Leroy,Fitzgerald,Hewitt,fitzgerald_leroy@gmail.com,664684515,Ap #647-159 Phasellus St.
Carter,Castaneda,Wells,castaneda-carter3549@gmail.com,663327360,859-8820 Dolor. Avenue
Honorato,Baird,Davenport,baird.honorato@gmail.com,637524652,968 In St.
Clare,Ortega,Waller,ortega-clare632@gmail.com,663761621,9868 Parturient Ave
Channing,Jarvis,Morales,c.jarvis@gmail.com,677804262,"P.O. Box 600, 4293 Tincidunt Av."
Shea,Garrett,Key,garrett_shea@gmail.com,665912798,9290 Ac St.
Hermione,Wiley,Charles,hermione_wiley9323@gmail.com,628669427,Ap #173-6648 Dolor Road
Tucker,Evans,Simon,evans-tucker3640@gmail.com,667531665,9252 Blandit Rd.
Kamal,Horne,Brady,horne.kamal@gmail.com,618722760,Ap #459-3454 Rutrum. Av.
Molly,Leonard,Hardin,m-leonard@gmail.com,688710333,Ap #600-3720 Mattis Av.
Hiroko,Middleton,Norris,h_middleton4394@gmail.com,677215437,667-5316 Quisque Road
Chaim,David,James,david.chaim@gmail.com,623211485,"4716 Vitae, Ave"
May,Gordon,Mullen,gordonmay@gmail.com,685866443,215-3369 Felis Road
Jeanette,Delacruz,Austin,jeanette_delacruz6214@gmail.com,673641661,"Ap #157-6090 Montes, Road"
Haley,Wallace,Carrillo,wallacehaley@gmail.com,674407743,672-3349 Ante Avenue
Daniel,Wheeler,Mathis,d_wheeler6460@gmail.com,657131562,6163 Mi Ave
Hyatt,Anderson,Hayes,ahyatt4688@gmail.com,620595041,"P.O. Box 633, 6980 Arcu. Rd."
Brielle,Gomez,Wheeler,g_brielle9846@gmail.com,620572741,"P.O. Box 136, 1443 Bibendum St."
